{
  "project_info": {
    "project_number": "654109972651",
    "project_id": "fir-flutter-codelab-e8ac0",
    "storage_bucket": "fir-flutter-codelab-e8ac0.appspot.com"
  },
  "client": [
    {
      "client_info": {
        "mobilesdk_app_id": "1:654109972651:android:d63d4d7ecd3535a57b7fee",
        "android_client_info": {
          "package_name": "com.example.gtk_flutter"
        }
      },
      "oauth_client": [],
      "api_key": [
        {
          "current_key": "AIzaSyDy1BEfAm7zjxoZeM7chlofAxGD-Dc_Ov0"
        }
      ],
      "services": {
        "appinvite_service": {
          "other_platform_oauth_client": []
        }
      }
    }
  ],
  "configuration_version": "1"
}